tanggal,stasiun,pm25,pm10,so2,co,o3,no2,max,critical,categori
8/1/2023,DKI1 (Bunderan HI),79,56,41,10,19,24,79,PM25,SEDANG
8/2/2023,DKI1 (Bunderan HI),74,51,42,9,22,24,74,PM25,SEDANG
8/3/2023,DKI1 (Bunderan HI),82,60,40,9,32,29,82,PM25,SEDANG
8/4/2023,DKI1 (Bunderan HI),91,62,38,11,39,24,91,PM25,SEDANG
8/5/2023,DKI1 (Bunderan HI),91,57,39,8,33,22,91,PM25,SEDANG
8/6/2023,DKI1 (Bunderan HI),97,58,39,11,30,22,97,PM25,SEDANG
8/7/2023,DKI1 (Bunderan HI),114,72,40,13,28,39,114,PM25,TIDAK SEHAT
8/8/2023,DKI1 (Bunderan HI),90,67,41,10,19,29,90,PM25,SEDANG
8/9/2023,DKI1 (Bunderan HI),79,58,39,9,24,24,79,PM25,SEDANG
8/10/2023,DKI1 (Bunderan HI),87,58,41,10,27,31,87,PM25,SEDANG
8/11/2023,DKI1 (Bunderan HI),96,66,40,10,29,29,96,PM25,SEDANG
8/12/2023,DKI1 (Bunderan HI),98,66,42,12,28,28,98,PM25,SEDANG
8/13/2023,DKI1 (Bunderan HI),87,59,43,12,27,24,87,PM25,SEDANG
8/14/2023,DKI1 (Bunderan HI),82,56,42,12,30,25,82,PM25,SEDANG
8/15/2023,DKI1 (Bunderan HI),90,61,46,11,26,33,90,PM25,SEDANG
8/16/2023,DKI1 (Bunderan HI),93,63,42,12,28,35,93,PM25,SEDANG
8/17/2023,DKI1 (Bunderan HI),87,61,42,11,21,29,87,PM25,SEDANG
8/18/2023,DKI1 (Bunderan HI),67,46,40,12,24,22,67,PM25,SEDANG
8/19/2023,DKI1 (Bunderan HI),84,56,41,12,28,28,84,PM25,SEDANG
8/20/2023,DKI1 (Bunderan HI),86,59,42,13,30,20,86,PM25,SEDANG
8/21/2023,DKI1 (Bunderan HI),82,57,40,13,28,21,82,PM25,SEDANG
8/22/2023,DKI1 (Bunderan HI),88,59,42,14,25,30,88,PM25,SEDANG
8/23/2023,DKI1 (Bunderan HI),96,64,41,14,29,37,96,PM25,SEDANG
8/24/2023,DKI1 (Bunderan HI),89,64,45,12,26,27,89,PM25,SEDANG
8/25/2023,DKI1 (Bunderan HI),90,60,45,13,40,35,90,PM25,SEDANG
8/26/2023,DKI1 (Bunderan HI),84,77,42,8,30,23,84,PM25,SEDANG
8/27/2023,DKI1 (Bunderan HI),94,64,40,12,42,23,94,PM25,SEDANG
8/28/2023,DKI1 (Bunderan HI),85,62,41,13,28,30,85,PM25,SEDANG
8/29/2023,DKI1 (Bunderan HI),90,63,45,14,23,30,90,PM25,SEDANG
8/30/2023,DKI1 (Bunderan HI),90,64,44,13,32,32,90,PM25,SEDANG
8/31/2023,DKI1 (Bunderan HI),104,68,44,13,39,34,104,PM25,TIDAK SEHAT
9/1/2023,DKI1 (Bunderan HI),101,71,42,12,35,37,101,PM25,TIDAK SEHAT
9/2/2023,DKI1 (Bunderan HI),108,74,43,11,34,33,108,PM25,TIDAK SEHAT
9/3/2023,DKI1 (Bunderan HI),93,63,43,11,42,20,93,PM25,SEDANG
9/4/2023,DKI1 (Bunderan HI),89,62,45,11,31,29,89,PM25,SEDANG
9/5/2023,DKI1 (Bunderan HI),99,66,46,16,27,36,99,PM25,SEDANG
9/6/2023,DKI1 (Bunderan HI),93,60,47,16,32,35,93,PM25,SEDANG
9/7/2023,DKI1 (Bunderan HI),95,62,47,15,33,30,95,PM25,SEDANG
9/8/2023,DKI1 (Bunderan HI),102,66,49,14,24,34,102,PM25,TIDAK SEHAT
9/9/2023,DKI1 (Bunderan HI),88,46,54,13,26,27,88,PM25,SEDANG
9/10/2023,DKI1 (Bunderan HI),82,58,41,11,29,23,82,PM25,SEDANG
9/11/2023,DKI1 (Bunderan HI),91,62,41,10,35,29,91,PM25,SEDANG
9/12/2023,DKI1 (Bunderan HI),82,56,41,10,18,24,82,PM25,SEDANG
9/13/2023,DKI1 (Bunderan HI),86,55,41,10,31,26,86,PM25,SEDANG
9/14/2023,DKI1 (Bunderan HI),73,55,42,9,29,29,73,PM25,SEDANG
9/15/2023,DKI1 (Bunderan HI),82,58,44,8,29,27,82,PM25,SEDANG
9/16/2023,DKI1 (Bunderan HI),88,60,46,7,33,26,88,PM25,SEDANG
9/17/2023,DKI1 (Bunderan HI),76,57,43,6,33,20,76,PM25,SEDANG
9/18/2023,DKI1 (Bunderan HI),76,53,42,6,32,20,76,PM25,SEDANG
9/19/2023,DKI1 (Bunderan HI),88,60,41,9,33,30,88,PM25,SEDANG
9/20/2023,DKI1 (Bunderan HI),84,62,43,8,21,33,84,PM25,SEDANG
9/21/2023,DKI1 (Bunderan HI),84,61,44,8,29,32,84,PM25,SEDANG
9/22/2023,DKI1 (Bunderan HI),87,60,44,9,29,30,87,PM25,SEDANG
9/23/2023,DKI1 (Bunderan HI),86,57,45,8,33,31,86,PM25,SEDANG
9/24/2023,DKI1 (Bunderan HI),78,55,44,7,30,23,78,PM25,SEDANG
9/25/2023,DKI1 (Bunderan HI),84,59,46,9,35,30,84,PM25,SEDANG
9/26/2023,DKI1 (Bunderan HI),89,58,45,8,27,34,89,PM25,SEDANG
9/27/2023,DKI1 (Bunderan HI),88,57,46,9,23,33,88,PM25,SEDANG
9/28/2023,DKI1 (Bunderan HI),99,58,46,8,29,23,99,PM25,SEDANG
9/29/2023,DKI1 (Bunderan HI),88,58,47,8,29,22,88,PM25,SEDANG
9/30/2023,DKI1 (Bunderan HI),,,,,,,,,TIDAK ADA DATA
10/1/2023,DKI1 (Bunderan HI),122,75,43,5,37,29,122,PM25,TIDAK SEHAT
10/2/2023,DKI1 (Bunderan HI),122,76,43,8,35,31,122,PM25,TIDAK SEHAT
10/3/2023,DKI1 (Bunderan HI),86,58,41,7,36,26,86,PM25,SEDANG
10/4/2023,DKI1 (Bunderan HI),95,65,43,7,30,33,95,PM25,SEDANG
10/5/2023,DKI1 (Bunderan HI),89,62,46,5,27,26,89,PM25,SEDANG
10/6/2023,DKI1 (Bunderan HI),86,59,46,5,39,26,86,PM25,SEDANG
10/7/2023,DKI1 (Bunderan HI),107,72,46,5,30,38,107,PM25,TIDAK SEHAT
10/8/2023,DKI1 (Bunderan HI),92,64,49,4,29,27,92,PM25,SEDANG
10/9/2023,DKI1 (Bunderan HI),85,58,48,5,25,23,85,PM25,SEDANG
10/10/2023,DKI1 (Bunderan HI),78,59,50,5,36,26,78,PM25,SEDANG
10/11/2023,DKI1 (Bunderan HI),74,53,48,4,31,26,74,PM25,SEDANG
10/12/2023,DKI1 (Bunderan HI),93,62,47,4,34,33,93,PM25,SEDANG
10/13/2023,DKI1 (Bunderan HI),89,63,47,3,41,26,89,PM25,SEDANG
10/14/2023,DKI1 (Bunderan HI),102,65,47,,24,32,102,PM25,TIDAK SEHAT
10/15/2023,DKI1 (Bunderan HI),98,62,48,,25,22,98,PM25,SEDANG
10/16/2023,DKI1 (Bunderan HI),96,59,50,,31,24,96,PM25,SEDANG
10/17/2023,DKI1 (Bunderan HI),93,61,49,,43,25,93,PM25,SEDANG
10/18/2023,DKI1 (Bunderan HI),108,64,50,9,29,34,108,PM25,TIDAK SEHAT
10/19/2023,DKI1 (Bunderan HI),93,65,51,9,25,30,93,PM25,SEDANG
10/20/2023,DKI1 (Bunderan HI),78,62,50,6,29,23,78,PM25,SEDANG
10/21/2023,DKI1 (Bunderan HI),88,63,49,6,24,33,88,PM25,SEDANG
10/22/2023,DKI1 (Bunderan HI),91,60,47,4,37,25,91,PM25,SEDANG
10/23/2023,DKI1 (Bunderan HI),86,62,48,6,37,27,86,PM25,SEDANG
10/24/2023,DKI1 (Bunderan HI),96,63,47,5,21,35,96,PM25,SEDANG
10/25/2023,DKI1 (Bunderan HI),81,58,44,5,31,32,81,PM25,SEDANG
10/26/2023,DKI1 (Bunderan HI),99,65,46,8,31,37,99,PM25,SEDANG
10/27/2023,DKI1 (Bunderan HI),102,67,47,8,29,36,102,PM25,TIDAK SEHAT
10/28/2023,DKI1 (Bunderan HI),97,66,47,6,34,36,97,PM25,SEDANG
10/29/2023,DKI1 (Bunderan HI),94,65,47,7,36,26,94,PM25,SEDANG
10/30/2023,DKI1 (Bunderan HI),83,59,45,6,40,29,83,PM25,SEDANG
10/31/2023,DKI1 (Bunderan HI),95,67,45,5,48,33,95,PM25,SEDANG
11/1/2023,DKI1 (Bunderan HI),86,61,42,8,38,41,86,PM25,SEDANG
11/2/2023,DKI1 (Bunderan HI),84,58,42,6,35,38,84,PM25,SEDANG
11/3/2023,DKI1 (Bunderan HI),89,64,43,9,39,37,89,PM25,SEDANG
11/4/2023,DKI1 (Bunderan HI),97,68,45,8,33,41,97,PM25,SEDANG
11/5/2023,DKI1 (Bunderan HI),63,51,44,8,40,29,63,PM25,SEDANG
11/6/2023,DKI1 (Bunderan HI),73,53,43,8,34,29,73,PM25,SEDANG
11/7/2023,DKI1 (Bunderan HI),85,60,43,7,37,30,85,PM25,SEDANG
11/8/2023,DKI1 (Bunderan HI),74,55,41,6,40,25,74,PM25,SEDANG
11/9/2023,DKI1 (Bunderan HI),89,61,44,6,46,30,89,PM25,SEDANG
11/10/2023,DKI1 (Bunderan HI),107,64,44,8,41,33,107,PM25,TIDAK SEHAT
11/11/2023,DKI1 (Bunderan HI),89,64,39,15,35,30,89,PM25,SEDANG
11/12/2023,DKI1 (Bunderan HI),79,57,42,16,45,25,79,PM25,SEDANG
11/13/2023,DKI1 (Bunderan HI),81,58,43,18,36,29,81,PM25,SEDANG
11/14/2023,DKI1 (Bunderan HI),79,57,43,16,34,26,79,PM25,SEDANG
11/15/2023,DKI1 (Bunderan HI),66,47,40,16,38,30,66,PM25,SEDANG
11/16/2023,DKI1 (Bunderan HI),81,57,42,16,41,37,81,PM25,SEDANG
11/17/2023,DKI1 (Bunderan HI),75,52,41,16,40,36,75,PM25,SEDANG
11/18/2023,DKI1 (Bunderan HI),120,53,41,14,34,31,120,PM25,TIDAK SEHAT
11/19/2023,DKI1 (Bunderan HI),80,54,43,16,32,24,80,PM25,SEDANG
11/20/2023,DKI1 (Bunderan HI),75,52,43,15,39,24,75,PM25,SEDANG
11/21/2023,DKI1 (Bunderan HI),87,57,44,15,36,30,87,PM25,SEDANG
11/22/2023,DKI1 (Bunderan HI),69,50,42,13,43,30,69,PM25,SEDANG
11/23/2023,DKI1 (Bunderan HI),93,56,44,11,38,30,93,PM25,SEDANG
11/24/2023,DKI1 (Bunderan HI),101,70,44,11,33,38,101,PM25,TIDAK SEHAT
11/25/2023,DKI1 (Bunderan HI),83,65,43,14,4,29,83,PM25,SEDANG
11/26/2023,DKI1 (Bunderan HI),75,55,43,15,15,25,75,PM25,SEDANG
11/27/2023,DKI1 (Bunderan HI),76,58,43,14,31,26,76,PM25,SEDANG
11/28/2023,DKI1 (Bunderan HI),96,62,45,15,29,34,96,PM25,SEDANG
11/29/2023,DKI1 (Bunderan HI),82,58,44,11,31,26,82,PM25,SEDANG
11/30/2023,DKI1 (Bunderan HI),67,38,43,12,34,34,67,PM25,SEDANG
12/1/2023,DKI1 (Bunderan HI),73,54,36,12,22,13,73,PM25,SEDANG
12/2/2023,DKI1 (Bunderan HI),67,53,39,11,14,12,67,PM25,SEDANG
12/3/2023,DKI1 (Bunderan HI),76,60,38,10,22,12,76,PM25,SEDANG
12/4/2023,DKI1 (Bunderan HI),76,58,35,13,20,12,76,PM25,SEDANG
12/5/2023,DKI1 (Bunderan HI),74,54,35,10,20,12,74,PM25,SEDANG
12/6/2023,DKI1 (Bunderan HI),79,58,35,14,13,13,79,PM25,SEDANG
12/7/2023,DKI1 (Bunderan HI),68,48,34,11,18,12,68,PM25,SEDANG
12/8/2023,DKI1 (Bunderan HI),62,51,33,9,24,11,62,PM25,SEDANG
12/9/2023,DKI1 (Bunderan HI),73,58,34,12,18,14,73,PM25,SEDANG
12/10/2023,DKI1 (Bunderan HI),42,28,30,9,13,7,42,PM25,BAIK
12/11/2023,DKI1 (Bunderan HI),61,43,31,14,23,8,61,PM25,SEDANG
12/12/2023,DKI1 (Bunderan HI),43,25,30,6,16,6,43,PM25,BAIK
12/13/2023,DKI1 (Bunderan HI),35,29,30,7,13,5,35,PM25,BAIK
12/14/2023,DKI1 (Bunderan HI),32,27,31,6,12,5,32,PM25,BAIK
12/15/2023,DKI1 (Bunderan HI),39,27,32,5,21,5,39,PM25,BAIK
12/16/2023,DKI1 (Bunderan HI),63,46,36,8,14,7,63,PM25,SEDANG
12/17/2023,DKI1 (Bunderan HI),78,59,30,19,29,9,78,PM25,SEDANG
12/18/2023,DKI1 (Bunderan HI),86,64,30,16,33,12,86,PM25,SEDANG
12/19/2023,DKI1 (Bunderan HI),85,58,32,16,23,13,85,PM25,SEDANG
12/20/2023,DKI1 (Bunderan HI),95,65,53,,24,12,95,PM25,SEDANG
12/21/2023,DKI1 (Bunderan HI),71,53,57,,26,13,71,PM25,SEDANG
12/22/2023,DKI1 (Bunderan HI),59,39,52,,15,9,59,PM25,SEDANG
12/23/2023,DKI1 (Bunderan HI),39,31,48,10,24,7,48,SO2,BAIK
12/24/2023,DKI1 (Bunderan HI),75,56,51,11,25,13,75,PM25,SEDANG
12/25/2023,DKI1 (Bunderan HI),52,38,48,10,25,9,52,PM25,SEDANG
12/26/2023,DKI1 (Bunderan HI),56,41,51,10,25,11,56,PM25,SEDANG
12/27/2023,DKI1 (Bunderan HI),35,36,49,8,20,7,49,SO2,BAIK
12/28/2023,DKI1 (Bunderan HI),51,33,50,11,8,7,51,PM25,SEDANG
12/29/2023,DKI1 (Bunderan HI),27,23,50,10,13,7,50,SO2,BAIK
12/30/2023,DKI1 (Bunderan HI),53,38,51,11,13,9,53,PM25,SEDANG
12/31/2023,DKI1 (Bunderan HI),68,54,49,11,19,12,68,PM25,SEDANG
1/1/2024,DKI1 (Bunderan HI),89,64,52,9,13,30,89,PM25,SEDANG
1/2/2024,DKI1 (Bunderan HI),93,53,52,4,12,28,93,PM25,SEDANG
1/3/2024,DKI1 (Bunderan HI),57,52,52,6,12,27,57,PM25,SEDANG
1/4/2024,DKI1 (Bunderan HI),,30,112,20,8,77,112,SO2,TIDAK SEHAT
1/5/2024,DKI1 (Bunderan HI),54,22,46,15,24,44,54,PM25,SEDANG
1/6/2024,DKI1 (Bunderan HI),68,49,46,12,38,36,68,PM25,SEDANG
1/7/2024,DKI1 (Bunderan HI),77,52,45,14,34,44,77,PM25,SEDANG
1/8/2024,DKI1 (Bunderan HI),52,49,46,10,27,32,52,PM25,SEDANG
1/9/2024,DKI1 (Bunderan HI),62,50,48,13,25,31,62,PM25,SEDANG
1/10/2024,DKI1 (Bunderan HI),66,49,49,10,34,41,66,PM25,SEDANG
1/11/2024,DKI1 (Bunderan HI),58,51,47,10,24,36,58,PM25,SEDANG
1/12/2024,DKI1 (Bunderan HI),26,30,45,8,18,21,45,SO2,BAIK
1/13/2024,DKI1 (Bunderan HI),53,34,46,8,25,25,53,PM25,SEDANG
1/14/2024,DKI1 (Bunderan HI),49,39,45,6,20,20,49,PM25,BAIK
1/15/2024,DKI1 (Bunderan HI),72,55,47,10,21,30,72,PM25,SEDANG
1/16/2024,DKI1 (Bunderan HI),47,41,48,10,25,24,48,SO2,BAIK
1/17/2024,DKI1 (Bunderan HI),54,45,51,8,16,30,54,PM25,SEDANG
1/18/2024,DKI1 (Bunderan HI),58,45,47,11,14,27,58,PM25,SEDANG
1/19/2024,DKI1 (Bunderan HI),31,19,46,,12,20,46,SO2,BAIK
1/20/2024,DKI1 (Bunderan HI),28,26,44,,17,17,44,SO2,BAIK
1/21/2024,DKI1 (Bunderan HI),50,36,46,6,15,14,50,PM25,BAIK
1/22/2024,DKI1 (Bunderan HI),26,24,44,3,17,11,44,SO2,BAIK
1/23/2024,DKI1 (Bunderan HI),38,20,44,5,15,12,44,SO2,BAIK
1/24/2024,DKI1 (Bunderan HI),37,31,45,8,14,14,45,SO2,BAIK
1/25/2024,DKI1 (Bunderan HI),56,43,48,11,14,22,56,PM25,SEDANG
1/26/2024,DKI1 (Bunderan HI),59,39,48,9,17,26,59,PM25,SEDANG
1/27/2024,DKI1 (Bunderan HI),18,21,45,,17,22,45,SO2,BAIK
1/28/2024,DKI1 (Bunderan HI),53,35,45,13,17,30,53,PM25,SEDANG
1/29/2024,DKI1 (Bunderan HI),,30,44,8,17,28,44,SO2,BAIK
1/30/2024,DKI1 (Bunderan HI),67,39,46,31,14,28,67,PM25,SEDANG
1/31/2024,DKI1 (Bunderan HI),49,25,47,19,24,30,49,PM25,BAIK
2/1/2024,DKI1 (Bunderan HI),72,52,49,17,18,37,72,PM25,SEDANG
2/2/2024,DKI1 (Bunderan HI),62,50,49,12,19,26,62,PM25,SEDANG
2/3/2024,DKI1 (Bunderan HI),51,33,48,10,20,22,51,PM25,SEDANG
2/4/2024,DKI1 (Bunderan HI),38,24,46,9,16,14,46,SO2,BAIK
2/5/2024,DKI1 (Bunderan HI),67,38,47,13,18,28,67,PM25,SEDANG
2/6/2024,DKI1 (Bunderan HI),61,47,47,9,18,32,61,PM25,SEDANG
2/7/2024,DKI1 (Bunderan HI),49,32,49,8,15,22,49,PM25,BAIK
2/8/2024,DKI1 (Bunderan HI),60,42,47,6,15,20,60,PM25,SEDANG
2/9/2024,DKI1 (Bunderan HI),72,51,51,6,21,31,72,PM25,SEDANG
2/10/2024,DKI1 (Bunderan HI),57,46,51,7,28,20,57,PM25,SEDANG
2/11/2024,DKI1 (Bunderan HI),57,39,50,9,23,23,57,PM25,SEDANG
2/12/2024,DKI1 (Bunderan HI),54,33,50,7,25,23,54,PM25,SEDANG
2/13/2024,DKI1 (Bunderan HI),52,39,51,7,26,28,52,PM25,SEDANG
2/14/2024,DKI1 (Bunderan HI),38,25,52,8,26,24,52,SO2,SEDANG
2/15/2024,DKI1 (Bunderan HI),55,35,,18,22,29,55,PM25,SEDANG
2/16/2024,DKI1 (Bunderan HI),73,57,20,28,20,40,73,PM25,SEDANG
2/17/2024,DKI1 (Bunderan HI),50,36,16,21,23,23,50,PM25,BAIK
2/18/2024,DKI1 (Bunderan HI),55,38,15,20,24,26,55,PM25,SEDANG
2/19/2024,DKI1 (Bunderan HI),66,46,16,24,14,39,66,PM25,SEDANG
2/20/2024,DKI1 (Bunderan HI),61,42,16,21,21,31,61,PM25,SEDANG
2/21/2024,DKI1 (Bunderan HI),73,52,20,32,24,37,73,PM25,SEDANG
2/22/2024,DKI1 (Bunderan HI),73,56,19,22,23,35,73,PM25,SEDANG
2/23/2024,DKI1 (Bunderan HI),56,38,16,20,23,29,56,PM25,SEDANG
2/24/2024,DKI1 (Bunderan HI),57,38,20,20,12,19,57,PM25,SEDANG
2/25/2024,DKI1 (Bunderan HI),37,26,20,16,22,19,37,PM25,BAIK
2/26/2024,DKI1 (Bunderan HI),42,25,13,17,18,24,42,PM25,BAIK
2/27/2024,DKI1 (Bunderan HI),63,44,14,25,16,32,63,PM25,SEDANG
2/28/2024,DKI1 (Bunderan HI),59,43,14,21,13,31,59,PM25,SEDANG
2/29/2024,DKI1 (Bunderan HI),44,33,13,22,14,29,44,PM25,BAIK
3/1/2024,DKI1 (Bunderan HI),62,45,14,30,23,37,62,PM25,SEDANG
3/2/2024,DKI1 (Bunderan HI),64,43,17,22,15,37,64,PM25,SEDANG
3/3/2024,DKI1 (Bunderan HI),51,33,17,20,22,27,51,PM25,SEDANG
3/4/2024,DKI1 (Bunderan HI),54,34,14,19,20,25,54,PM25,SEDANG
3/5/2024,DKI1 (Bunderan HI),43,24,13,19,20,22,43,PM25,BAIK
3/6/2024,DKI1 (Bunderan HI),38,25,15,17,17,21,38,PM25,BAIK
3/7/2024,DKI1 (Bunderan HI),35,23,14,17,20,21,35,PM25,BAIK
3/8/2024,DKI1 (Bunderan HI),34,19,13,15,22,15,34,PM25,BAIK
3/9/2024,DKI1 (Bunderan HI),30,29,17,17,19,21,30,PM25,BAIK
3/10/2024,DKI1 (Bunderan HI),72,53,17,27,20,35,72,PM25,SEDANG
3/11/2024,DKI1 (Bunderan HI),47,35,12,17,14,21,47,PM25,BAIK
3/12/2024,DKI1 (Bunderan HI),50,31,11,13,21,19,50,PM25,BAIK
3/13/2024,DKI1 (Bunderan HI),60,42,14,15,19,25,60,PM25,SEDANG
3/14/2024,DKI1 (Bunderan HI),52,36,12,17,17,29,52,PM25,SEDANG
3/15/2024,DKI1 (Bunderan HI),44,32,15,16,22,22,44,PM25,BAIK
3/16/2024,DKI1 (Bunderan HI),27,23,13,13,23,20,27,PM25,BAIK
3/17/2024,DKI1 (Bunderan HI),37,24,14,12,21,16,37,PM25,BAIK
3/18/2024,DKI1 (Bunderan HI),35,22,16,11,20,17,35,PM25,BAIK
3/19/2024,DKI1 (Bunderan HI),47,29,14,13,18,18,47,PM25,BAIK
3/20/2024,DKI1 (Bunderan HI),47,27,13,17,10,16,47,PM25,BAIK
3/21/2024,DKI1 (Bunderan HI),51,28,18,16,11,18,51,PM25,SEDANG
3/22/2024,DKI1 (Bunderan HI),28,24,10,17,17,26,28,PM25,BAIK
3/23/2024,DKI1 (Bunderan HI),100,63,15,31,30,47,100,PM25,SEDANG
3/24/2024,DKI1 (Bunderan HI),71,52,13,15,38,30,71,PM25,SEDANG
3/25/2024,DKI1 (Bunderan HI),64,44,13,16,25,39,64,PM25,SEDANG
3/26/2024,DKI1 (Bunderan HI),73,52,13,21,25,37,73,PM25,SEDANG
3/27/2024,DKI1 (Bunderan HI),77,57,13,22,17,43,77,PM25,SEDANG
3/28/2024,DKI1 (Bunderan HI),92,62,19,22,33,45,92,PM25,SEDANG
3/29/2024,DKI1 (Bunderan HI),90,62,16,19,35,50,90,PM25,SEDANG
3/30/2024,DKI1 (Bunderan HI),75,56,16,21,29,44,75,PM25,SEDANG
3/31/2024,DKI1 (Bunderan HI),79,53,12,23,32,41,79,PM25,SEDANG
4/1/2024,DKI1 (Bunderan HI),96,63,11,26,27,52,96,PM25,SEDANG
4/2/2024,DKI1 (Bunderan HI),97,67,14,28,28,62,97,PM25,SEDANG
4/3/2024,DKI1 (Bunderan HI),78,62,13,25,24,52,78,PM25,SEDANG
4/4/2024,DKI1 (Bunderan HI),63,48,12,30,24,51,63,PM25,SEDANG
4/5/2024,DKI1 (Bunderan HI),102,67,13,34,26,58,102,PM25,TIDAK SEHAT
4/6/2024,DKI1 (Bunderan HI),83,58,15,28,29,39,83,PM25,SEDANG
4/7/2024,DKI1 (Bunderan HI),68,48,12,22,36,34,68,PM25,SEDANG
4/8/2024,DKI1 (Bunderan HI),65,50,13,19,44,31,65,PM25,SEDANG
4/9/2024,DKI1 (Bunderan HI),62,40,15,20,34,24,62,PM25,SEDANG
4/10/2024,DKI1 (Bunderan HI),76,55,14,26,37,34,76,PM25,SEDANG
4/11/2024,DKI1 (Bunderan HI),54,40,10,18,31,26,54,PM25,SEDANG
4/12/2024,DKI1 (Bunderan HI),45,24,9,15,30,24,45,PM25,BAIK
4/13/2024,DKI1 (Bunderan HI),53,33,10,20,31,29,53,PM25,SEDANG
4/14/2024,DKI1 (Bunderan HI),47,27,9,17,34,23,47,PM25,BAIK
4/15/2024,DKI1 (Bunderan HI),46,27,9,19,27,25,46,PM25,BAIK
4/16/2024,DKI1 (Bunderan HI),52,32,13,17,25,20,52,PM25,SEDANG
4/17/2024,DKI1 (Bunderan HI),69,46,12,21,35,32,69,PM25,SEDANG
4/18/2024,DKI1 (Bunderan HI),60,44,11,24,33,37,60,PM25,SEDANG
4/19/2024,DKI1 (Bunderan HI),60,41,14,21,25,38,60,PM25,SEDANG
4/20/2024,DKI1 (Bunderan HI),77,57,20,22,24,33,77,PM25,SEDANG
4/21/2024,DKI1 (Bunderan HI),52,40,13,18,24,25,52,PM25,SEDANG
4/22/2024,DKI1 (Bunderan HI),71,53,13,22,23,40,71,PM25,SEDANG
4/23/2024,DKI1 (Bunderan HI),70,52,14,25,17,41,70,PM25,SEDANG
4/24/2024,DKI1 (Bunderan HI),71,50,13,25,22,49,71,PM25,SEDANG
4/25/2024,DKI1 (Bunderan HI),69,52,11,23,31,51,69,PM25,SEDANG
4/26/2024,DKI1 (Bunderan HI),58,41,13,19,26,35,58,PM25,SEDANG
4/27/2024,DKI1 (Bunderan HI),73,53,19,22,20,34,73,PM25,SEDANG
4/28/2024,DKI1 (Bunderan HI),74,51,13,25,28,34,74,PM25,SEDANG
4/29/2024,DKI1 (Bunderan HI),65,50,13,17,28,28,65,PM25,SEDANG
4/30/2024,DKI1 (Bunderan HI),70,53,16,18,27,33,70,PM25,SEDANG
5/1/2024,DKI1 (Bunderan HI),63,47,15,19,26,34,63,PM25,SEDANG
5/2/2024,DKI1 (Bunderan HI),75,54,14,18,27,30,75,PM25,SEDANG
5/3/2024,DKI1 (Bunderan HI),85,58,13,24,30,43,85,PM25,SEDANG
5/4/2024,DKI1 (Bunderan HI),87,62,14,24,25,50,87,PM25,SEDANG
5/5/2024,DKI1 (Bunderan HI),88,60,14,27,22,47,88,PM25,SEDANG
5/6/2024,DKI1 (Bunderan HI),82,59,15,18,26,38,82,PM25,SEDANG
5/7/2024,DKI1 (Bunderan HI),92,64,16,20,23,42,92,PM25,SEDANG
5/8/2024,DKI1 (Bunderan HI),87,63,19,18,20,47,87,PM25,SEDANG
5/9/2024,DKI1 (Bunderan HI),93,62,16,18,22,44,93,PM25,SEDANG
5/10/2024,DKI1 (Bunderan HI),84,56,19,12,30,27,84,PM25,SEDANG
5/11/2024,DKI1 (Bunderan HI),74,52,18,11,28,27,74,PM25,SEDANG
5/12/2024,DKI1 (Bunderan HI),75,53,18,10,28,27,75,PM25,SEDANG
5/13/2024,DKI1 (Bunderan HI),64,52,16,8,25,25,64,PM25,SEDANG
5/14/2024,DKI1 (Bunderan HI),85,61,18,10,28,39,85,PM25,SEDANG
5/15/2024,DKI1 (Bunderan HI),78,62,14,20,26,40,78,PM25,SEDANG
5/16/2024,DKI1 (Bunderan HI),98,65,19,17,28,40,98,PM25,SEDANG
5/17/2024,DKI1 (Bunderan HI),86,64,17,17,21,39,86,PM25,SEDANG
5/18/2024,DKI1 (Bunderan HI),97,67,18,20,18,48,97,PM25,SEDANG
5/19/2024,DKI1 (Bunderan HI),92,63,15,17,25,36,92,PM25,SEDANG
5/20/2024,DKI1 (Bunderan HI),91,65,17,15,26,32,91,PM25,SEDANG
5/21/2024,DKI1 (Bunderan HI),97,62,25,14,23,45,97,PM25,SEDANG
5/22/2024,DKI1 (Bunderan HI),92,65,20,12,24,37,92,PM25,SEDANG
5/23/2024,DKI1 (Bunderan HI),78,59,20,11,22,32,78,PM25,SEDANG
5/24/2024,DKI1 (Bunderan HI),74,60,16,13,19,30,74,PM25,SEDANG
5/25/2024,DKI1 (Bunderan HI),53,39,12,15,16,30,53,PM25,SEDANG
5/26/2024,DKI1 (Bunderan HI),82,61,26,21,19,38,82,PM25,SEDANG
5/27/2024,DKI1 (Bunderan HI),92,64,22,15,25,39,92,PM25,SEDANG
5/28/2024,DKI1 (Bunderan HI),100,67,18,14,29,42,100,PM25,SEDANG
5/29/2024,DKI1 (Bunderan HI),86,64,19,10,32,36,86,PM25,SEDANG
5/30/2024,DKI1 (Bunderan HI),85,59,19,8,29,38,85,PM25,SEDANG
5/31/2024,DKI1 (Bunderan HI),101,70,17,10,27,44,101,PM25,TIDAK SEHAT
6/1/2024,DKI1 (Bunderan HI),102,73,16,8,22,48,102,PM25,TIDAK SEHAT
6/2/2024,DKI1 (Bunderan HI),95,67,14,5,24,45,95,PM25,SEDANG
6/3/2024,DKI1 (Bunderan HI),61,50,11,5,24,40,61,PM25,SEDANG
6/4/2024,DKI1 (Bunderan HI),76,58,14,5,26,44,76,PM25,SEDANG
6/5/2024,DKI1 (Bunderan HI),88,63,17,6,27,51,88,PM25,SEDANG
6/6/2024,DKI1 (Bunderan HI),77,55,16,5,16,42,77,PM25,SEDANG
6/7/2024,DKI1 (Bunderan HI),82,58,16,,24,41,82,PM25,SEDANG
6/8/2024,DKI1 (Bunderan HI),88,62,16,25,22,40,88,PM25,SEDANG
6/9/2024,DKI1 (Bunderan HI),87,63,18,23,27,32,87,PM25,SEDANG
6/10/2024,DKI1 (Bunderan HI),99,69,14,34,19,50,99,PM25,SEDANG
6/11/2024,DKI1 (Bunderan HI),79,60,18,26,31,37,79,PM25,SEDANG
6/12/2024,DKI1 (Bunderan HI),76,58,12,35,26,51,76,PM25,SEDANG
6/13/2024,DKI1 (Bunderan HI),61,49,16,30,21,36,61,PM25,SEDANG
6/14/2024,DKI1 (Bunderan HI),66,52,18,25,23,33,66,PM25,SEDANG
6/15/2024,DKI1 (Bunderan HI),69,50,14,28,33,38,69,PM25,SEDANG
6/16/2024,DKI1 (Bunderan HI),73,54,9,26,41,42,73,PM25,SEDANG
6/17/2024,DKI1 (Bunderan HI),72,53,11,27,32,32,72,PM25,SEDANG
6/18/2024,DKI1 (Bunderan HI),98,63,13,24,33,30,98,PM25,SEDANG
6/19/2024,DKI1 (Bunderan HI),93,67,15,30,27,46,93,PM25,SEDANG
6/20/2024,DKI1 (Bunderan HI),87,62,16,25,24,37,87,PM25,SEDANG
6/21/2024,DKI1 (Bunderan HI),89,62,16,26,26,43,89,PM25,SEDANG
6/22/2024,DKI1 (Bunderan HI),90,63,15,25,30,41,90,PM25,SEDANG
6/23/2024,DKI1 (Bunderan HI),89,63,17,25,27,35,89,PM25,SEDANG
6/24/2024,DKI1 (Bunderan HI),85,57,15,26,20,40,85,PM25,SEDANG
6/25/2024,DKI1 (Bunderan HI),76,58,20,26,20,34,76,PM25,SEDANG
6/26/2024,DKI1 (Bunderan HI),65,51,13,30,23,29,65,PM25,SEDANG
6/27/2024,DKI1 (Bunderan HI),74,56,14,25,23,32,74,PM25,SEDANG
6/28/2024,DKI1 (Bunderan HI),67,53,12,27,24,33,67,PM25,SEDANG
6/29/2024,DKI1 (Bunderan HI),74,52,11,34,22,34,74,PM25,SEDANG
6/30/2024,DKI1 (Bunderan HI),58,41,10,24,23,33,58,PM25,SEDANG
7/1/2024,DKI1 (Bunderan HI),90,62,11,28,31,41,90,PM25,SEDANG
7/2/2024,DKI1 (Bunderan HI),74,55,9,26,25,38,74,PM25,SEDANG
7/3/2024,DKI1 (Bunderan HI),103,69,12,38,29,51,103,PM25,TIDAK SEHAT
7/4/2024,DKI1 (Bunderan HI),78,58,9,36,26,52,78,PM25,SEDANG
7/5/2024,DKI1 (Bunderan HI),66,53,10,28,21,41,66,PM25,SEDANG
7/6/2024,DKI1 (Bunderan HI),38,30,8,24,15,24,38,PM25,BAIK
7/7/2024,DKI1 (Bunderan HI),41,24,8,24,24,26,41,PM25,BAIK
7/8/2024,DKI1 (Bunderan HI),53,31,11,23,24,30,53,PM25,SEDANG
7/9/2024,DKI1 (Bunderan HI),66,43,8,31,28,49,66,PM25,SEDANG
7/10/2024,DKI1 (Bunderan HI),77,55,11,24,32,37,77,PM25,SEDANG
7/11/2024,DKI1 (Bunderan HI),94,64,13,32,25,50,94,PM25,SEDANG
7/12/2024,DKI1 (Bunderan HI),86,60,11,26,35,43,86,PM25,SEDANG
7/13/2024,DKI1 (Bunderan HI),93,66,15,30,23,50,93,PM25,SEDANG
7/14/2024,DKI1 (Bunderan HI),83,59,12,27,26,41,83,PM25,SEDANG
7/15/2024,DKI1 (Bunderan HI),85,58,15,25,28,40,85,PM25,SEDANG
7/16/2024,DKI1 (Bunderan HI),92,58,13,27,28,49,92,PM25,SEDANG
7/17/2024,DKI1 (Bunderan HI),88,59,17,26,20,45,88,PM25,SEDANG
7/18/2024,DKI1 (Bunderan HI),91,63,17,25,27,40,91,PM25,SEDANG
7/19/2024,DKI1 (Bunderan HI),84,58,15,25,23,38,84,PM25,SEDANG
7/20/2024,DKI1 (Bunderan HI),84,60,17,24,24,38,84,PM25,SEDANG
7/21/2024,DKI1 (Bunderan HI),87,59,13,24,26,35,87,PM25,SEDANG
7/22/2024,DKI1 (Bunderan HI),79,59,12,24,29,38,79,PM25,SEDANG
7/23/2024,DKI1 (Bunderan HI),92,63,16,25,33,41,92,PM25,SEDANG
7/24/2024,DKI1 (Bunderan HI),99,75,23,27,27,44,99,PM25,SEDANG
7/25/2024,DKI1 (Bunderan HI),83,61,16,26,28,43,83,PM25,SEDANG
7/26/2024,DKI1 (Bunderan HI),84,59,15,27,15,42,84,PM25,SEDANG
7/27/2024,DKI1 (Bunderan HI),94,64,17,24,18,37,94,PM25,SEDANG
7/28/2024,DKI1 (Bunderan HI),102,64,16,24,29,33,102,PM25,TIDAK SEHAT
7/29/2024,DKI1 (Bunderan HI),90,63,15,23,25,33,90,PM25,SEDANG
7/30/2024,DKI1 (Bunderan HI),96,63,16,26,20,44,96,PM25,SEDANG
7/31/2024,DKI1 (Bunderan HI),105,69,16,27,21,49,105,PM25,TIDAK SEHAT
8/1/2024,DKI1 (Bunderan HI),103,68,13,28,26,44,103,PM25,TIDAK SEHAT
8/2/2024,DKI1 (Bunderan HI),85,60,11,27,37,44,85,PM25,SEDANG
8/3/2024,DKI1 (Bunderan HI),64,47,10,28,26,45,64,PM25,SEDANG
8/4/2024,DKI1 (Bunderan HI),74,50,10,29,29,39,74,PM25,SEDANG
8/5/2024,DKI1 (Bunderan HI),78,53,10,26,23,37,78,PM25,SEDANG
8/6/2024,DKI1 (Bunderan HI),75,53,16,24,21,42,75,PM25,SEDANG
8/7/2024,DKI1 (Bunderan HI),91,62,13,26,27,42,91,PM25,SEDANG
8/8/2024,DKI1 (Bunderan HI),96,64,16,28,23,42,96,PM25,SEDANG
8/9/2024,DKI1 (Bunderan HI),91,61,15,25,19,33,91,PM25,SEDANG
8/10/2024,DKI1 (Bunderan HI),81,55,15,23,21,35,81,PM25,SEDANG
8/11/2024,DKI1 (Bunderan HI),77,56,12,22,28,28,77,PM25,SEDANG
8/12/2024,DKI1 (Bunderan HI),78,54,12,23,24,30,78,PM25,SEDANG
8/13/2024,DKI1 (Bunderan HI),93,62,19,26,25,44,93,PM25,SEDANG
8/14/2024,DKI1 (Bunderan HI),93,62,17,26,27,43,93,PM25,SEDANG
8/15/2024,DKI1 (Bunderan HI),90,63,14,26,38,38,90,PM25,SEDANG
8/16/2024,DKI1 (Bunderan HI),91,64,15,28,33,48,91,PM25,SEDANG
8/17/2024,DKI1 (Bunderan HI),92,65,15,25,31,44,92,PM25,SEDANG
8/18/2024,DKI1 (Bunderan HI),93,62,13,23,30,32,93,PM25,SEDANG
8/19/2024,DKI1 (Bunderan HI),86,60,13,24,32,38,86,PM25,SEDANG
8/20/2024,DKI1 (Bunderan HI),93,64,14,26,27,46,93,PM25,SEDANG
8/21/2024,DKI1 (Bunderan HI),96,67,17,27,27,47,96,PM25,SEDANG
8/22/2024,DKI1 (Bunderan HI),84,63,19,25,26,40,84,PM25,SEDANG
8/23/2024,DKI1 (Bunderan HI),77,56,12,23,28,32,77,PM25,SEDANG
8/24/2024,DKI1 (Bunderan HI),98,62,13,27,24,43,98,PM25,SEDANG
8/25/2024,DKI1 (Bunderan HI),90,66,13,25,28,37,90,PM25,SEDANG
8/26/2024,DKI1 (Bunderan HI),78,55,13,24,28,39,78,PM25,SEDANG
8/27/2024,DKI1 (Bunderan HI),106,69,14,30,36,50,106,PM25,TIDAK SEHAT
8/28/2024,DKI1 (Bunderan HI),86,62,14,24,33,41,86,PM25,SEDANG
8/29/2024,DKI1 (Bunderan HI),98,65,14,26,41,42,98,PM25,SEDANG
8/30/2024,DKI1 (Bunderan HI),98,68,15,28,30,46,98,PM25,SEDANG
8/31/2024,DKI1 (Bunderan HI),75,56,14,25,24,40,75,PM25,SEDANG
9/1/2024,DKI1 (Bunderan HI),72,54,12,22,27,32,72,PM25,SEDANG
9/2/2024,DKI1 (Bunderan HI),70,52,10,22,35,36,70,PM25,SEDANG
9/3/2024,DKI1 (Bunderan HI),79,55,10,28,23,44,79,PM25,SEDANG
9/4/2024,DKI1 (Bunderan HI),83,58,11,24,35,35,83,PM25,SEDANG
9/5/2024,DKI1 (Bunderan HI),71,52,12,24,18,33,71,PM25,SEDANG
9/6/2024,DKI1 (Bunderan HI),86,56,14,26,20,40,86,PM25,SEDANG
9/7/2024,DKI1 (Bunderan HI),79,54,12,22,25,26,79,PM25,SEDANG
9/8/2024,DKI1 (Bunderan HI),84,54,13,22,21,26,84,PM25,SEDANG
9/9/2024,DKI1 (Bunderan HI),65,48,12,22,21,26,65,PM25,SEDANG
9/10/2024,DKI1 (Bunderan HI),70,51,10,33,19,43,70,PM25,SEDANG
9/11/2024,DKI1 (Bunderan HI),58,39,12,23,26,33,58,PM25,SEDANG
9/12/2024,DKI1 (Bunderan HI),89,64,15,27,41,39,89,PM25,SEDANG
9/13/2024,DKI1 (Bunderan HI),74,53,10,29,36,44,74,PM25,SEDANG
9/14/2024,DKI1 (Bunderan HI),85,57,11,25,42,41,85,PM25,SEDANG
9/15/2024,DKI1 (Bunderan HI),86,60,12,27,38,35,86,PM25,SEDANG
9/16/2024,DKI1 (Bunderan HI),86,60,12,24,38,33,86,PM25,SEDANG
9/17/2024,DKI1 (Bunderan HI),79,55,14,24,40,37,79,PM25,SEDANG
9/18/2024,DKI1 (Bunderan HI),76,52,16,24,36,34,76,PM25,SEDANG
9/19/2024,DKI1 (Bunderan HI),83,61,15,27,37,46,83,PM25,SEDANG
9/20/2024,DKI1 (Bunderan HI),88,59,15,24,34,45,88,PM25,SEDANG
9/21/2024,DKI1 (Bunderan HI),94,61,14,25,36,39,94,PM25,SEDANG
9/22/2024,DKI1 (Bunderan HI),101,66,15,23,35,33,101,PM25,TIDAK SEHAT
9/23/2024,DKI1 (Bunderan HI),87,59,15,24,25,37,87,PM25,SEDANG
9/24/2024,DKI1 (Bunderan HI),74,56,15,24,33,31,74,PM25,SEDANG
9/25/2024,DKI1 (Bunderan HI),89,62,10,33,25,51,89,PM25,SEDANG
9/26/2024,DKI1 (Bunderan HI),71,57,10,29,22,48,71,PM25,SEDANG
9/27/2024,DKI1 (Bunderan HI),70,51,10,27,25,41,70,PM25,SEDANG
9/28/2024,DKI1 (Bunderan HI),85,56,13,28,24,37,85,PM25,SEDANG
9/29/2024,DKI1 (Bunderan HI),89,60,12,32,20,39,89,PM25,SEDANG
9/30/2024,DKI1 (Bunderan HI),70,51,13,25,15,40,70,PM25,SEDANG
10/1/2024,DKI1 (Bunderan HI),91,63,13,29,24,46,91,PM25,SEDANG
10/2/2024,DKI1 (Bunderan HI),85,61,13,27,23,52,85,PM25,SEDANG
10/3/2024,DKI1 (Bunderan HI),90,61,13,29,20,44,90,PM25,SEDANG
10/4/2024,DKI1 (Bunderan HI),82,59,16,26,21,40,82,PM25,SEDANG
10/5/2024,DKI1 (Bunderan HI),80,56,12,30,19,46,80,PM25,SEDANG
10/6/2024,DKI1 (Bunderan HI),73,52,10,27,27,40,73,PM25,SEDANG
10/7/2024,DKI1 (Bunderan HI),108,72,16,31,24,48,108,PM25,TIDAK SEHAT
10/8/2024,DKI1 (Bunderan HI),76,55,16,25,21,40,76,PM25,SEDANG
10/9/2024,DKI1 (Bunderan HI),76,55,13,26,24,41,76,PM25,SEDANG
10/10/2024,DKI1 (Bunderan HI),86,60,14,27,26,43,86,PM25,SEDANG
10/11/2024,DKI1 (Bunderan HI),83,60,15,28,18,47,83,PM25,SEDANG
10/12/2024,DKI1 (Bunderan HI),77,58,16,24,22,34,77,PM25,SEDANG
10/13/2024,DKI1 (Bunderan HI),92,63,11,27,26,33,92,PM25,SEDANG
10/14/2024,DKI1 (Bunderan HI),86,61,12,26,31,37,86,PM25,SEDANG
10/15/2024,DKI1 (Bunderan HI),71,53,13,24,35,40,71,PM25,SEDANG
10/16/2024,DKI1 (Bunderan HI),94,69,15,30,33,48,94,PM25,SEDANG
10/17/2024,DKI1 (Bunderan HI),70,59,14,26,32,44,70,PM25,SEDANG
10/18/2024,DKI1 (Bunderan HI),73,55,13,25,36,40,73,PM25,SEDANG
10/19/2024,DKI1 (Bunderan HI),82,65,14,26,39,37,82,PM25,SEDANG
10/20/2024,DKI1 (Bunderan HI),82,61,14,36,20,34,82,PM25,SEDANG
10/21/2024,DKI1 (Bunderan HI),82,51,12,23,28,32,82,PM25,SEDANG
10/22/2024,DKI1 (Bunderan HI),94,64,14,28,32,51,94,PM25,SEDANG
10/23/2024,DKI1 (Bunderan HI),84,57,12,24,40,38,84,PM25,SEDANG
10/24/2024,DKI1 (Bunderan HI),78,52,10,23,34,35,78,PM25,SEDANG
10/25/2024,DKI1 (Bunderan HI),73,52,9,26,40,45,73,PM25,SEDANG
10/26/2024,DKI1 (Bunderan HI),76,57,8,26,29,40,76,PM25,SEDANG
10/27/2024,DKI1 (Bunderan HI),78,54,19,23,34,31,78,PM25,SEDANG
10/28/2024,DKI1 (Bunderan HI),83,60,10,26,37,36,83,PM25,SEDANG
10/29/2024,DKI1 (Bunderan HI),75,59,11,28,29,41,75,PM25,SEDANG
10/30/2024,DKI1 (Bunderan HI),86,62,11,27,36,44,86,PM25,SEDANG
10/31/2024,DKI1 (Bunderan HI),78,59,11,28,29,45,78,PM25,SEDANG
11/1/2024,DKI1 (Bunderan HI),87,62,11,28,33,47,87,PM25,SEDANG
11/2/2024,DKI1 (Bunderan HI),87,60,14,25,26,41,87,PM25,SEDANG
11/3/2024,DKI1 (Bunderan HI),70,51,10,34,29,43,70,PM25,SEDANG
11/4/2024,DKI1 (Bunderan HI),60,44,8,25,,37,60,PM25,SEDANG
11/5/2024,DKI1 (Bunderan HI),65,40,12,28,75,45,75,O3,SEDANG
11/6/2024,DKI1 (Bunderan HI),58,40,10,26,15,39,58,PM25,SEDANG
11/7/2024,DKI1 (Bunderan HI),83,55,13,27,18,40,83,PM25,SEDANG
11/8/2024,DKI1 (Bunderan HI),83,57,12,28,24,44,83,PM25,SEDANG
11/9/2024,DKI1 (Bunderan HI),99,67,16,32,20,46,99,PM25,SEDANG
11/10/2024,DKI1 (Bunderan HI),71,54,10,32,15,41,71,PM25,SEDANG
11/11/2024,DKI1 (Bunderan HI),71,51,10,30,18,42,71,PM25,SEDANG
11/12/2024,DKI1 (Bunderan HI),53,39,9,28,9,36,53,PM25,SEDANG
11/13/2024,DKI1 (Bunderan HI),74,53,8,31,7,33,74,PM25,SEDANG
11/14/2024,DKI1 (Bunderan HI),96,61,19,26,9,34,96,PM25,SEDANG
11/15/2024,DKI1 (Bunderan HI),106,69,22,31,13,49,106,PM25,TIDAK SEHAT
11/16/2024,DKI1 (Bunderan HI),109,76,12,28,13,40,109,PM25,TIDAK SEHAT
11/17/2024,DKI1 (Bunderan HI),115,76,11,38,14,47,115,PM25,TIDAK SEHAT
11/18/2024,DKI1 (Bunderan HI),68,52,9,25,9,32,68,PM25,SEDANG
11/19/2024,DKI1 (Bunderan HI),61,38,10,28,16,36,61,PM25,SEDANG
11/20/2024,DKI1 (Bunderan HI),62,44,13,28,19,40,62,PM25,SEDANG
11/21/2024,DKI1 (Bunderan HI),64,46,16,26,16,36,64,PM25,SEDANG
11/22/2024,DKI1 (Bunderan HI),48,32,13,24,17,31,48,PM25,BAIK
11/23/2024,DKI1 (Bunderan HI),54,34,12,26,18,29,54,PM25,SEDANG
11/24/2024,DKI1 (Bunderan HI),51,40,10,25,11,22,51,PM25,SEDANG
11/25/2024,DKI1 (Bunderan HI),44,31,14,24,14,27,44,PM25,BAIK
11/26/2024,DKI1 (Bunderan HI),55,40,13,26,14,29,55,PM25,SEDANG
11/27/2024,DKI1 (Bunderan HI),,50,10,33,10,27,50,PM10,BAIK
11/28/2024,DKI1 (Bunderan HI),42,30,9,25,9,24,42,PM25,BAIK
11/29/2024,DKI1 (Bunderan HI),32,29,10,23,8,21,32,PM25,BAIK
11/30/2024,DKI1 (Bunderan HI),40,27,10,22,7,16,40,PM25,BAIK
12/1/2024,DKI1 (Bunderan HI),65,32,67,7,9,40,67,SO2,BAIK
12/2/2024,DKI1 (Bunderan HI),52,19,67,6,9,33,67,SO2,BAIK
12/3/2024,DKI1 (Bunderan HI),31,19,67,4,12,15,67,SO2,BAIK
12/4/2024,DKI1 (Bunderan HI),45,30,67,7,10,22,67,SO2,BAIK
12/5/2024,DKI1 (Bunderan HI),26,17,67,3,12,13,67,SO2,BAIK
12/6/2024,DKI1 (Bunderan HI),47,26,68,4,11,17,68,SO2,BAIK
12/7/2024,DKI1 (Bunderan HI),103,66,69,27,12,98,103,PM25,SEDANG
12/8/2024,DKI1 (Bunderan HI),67,38,68,15,18,57,68,SO2,SEDANG
12/9/2024,DKI1 (Bunderan HI),69,42,69,11,11,29,69,PM25,SEDANG
12/10/2024,DKI1 (Bunderan HI),56,38,68,12,7,61,68,SO2,BAIK
12/11/2024,DKI1 (Bunderan HI),26,14,68,3,11,15,68,SO2,BAIK
12/12/2024,DKI1 (Bunderan HI),40,19,68,3,13,10,68,SO2,BAIK
12/13/2024,DKI1 (Bunderan HI),52,21,69,4,13,14,69,SO2,BAIK
12/14/2024,DKI1 (Bunderan HI),40,22,68,4,11,15,68,SO2,BAIK
12/15/2024,DKI1 (Bunderan HI),40,18,68,6,10,21,68,SO2,BAIK
12/16/2024,DKI1 (Bunderan HI),48,27,68,5,10,21,68,SO2,BAIK
12/17/2024,DKI1 (Bunderan HI),37,27,68,6,10,30,68,SO2,BAIK
12/18/2024,DKI1 (Bunderan HI),67,50,69,8,8,59,69,SO2,BAIK
12/19/2024,DKI1 (Bunderan HI),35,18,68,5,8,27,68,SO2,BAIK
12/20/2024,DKI1 (Bunderan HI),46,25,69,5,10,32,69,SO2,BAIK
12/21/2024,DKI1 (Bunderan HI),53,23,26,5,11,30,53,PM25,BAIK
12/22/2024,DKI1 (Bunderan HI),80,53,16,11,13,31,80,PM25,SEDANG
12/23/2024,DKI1 (Bunderan HI),78,52,12,15,11,45,78,PM25,BAIK
12/24/2024,DKI1 (Bunderan HI),55,38,12,9,10,33,55,PM25,SEDANG
12/25/2024,DKI1 (Bunderan HI),79,52,12,11,11,52,79,PM25,SEDANG
12/26/2024,DKI1 (Bunderan HI),62,39,12,11,9,35,62,PM25,SEDANG
12/27/2024,DKI1 (Bunderan HI),83,53,12,10,11,36,83,PM25,SEDANG
12/28/2024,DKI1 (Bunderan HI),101,64,14,9,11,35,101,PM25,SEDANG
12/29/2024,DKI1 (Bunderan HI),21,51,13,10,13,35,51,PM10,SEDANG
12/30/2024,DKI1 (Bunderan HI),10,35,13,5,12,13,35,PM10,BAIK
12/31/2024,DKI1 (Bunderan HI),11,29,6,13,10,18,29,PM10,BAIK
1/1/2025,DKI1 (Bunderan HI),63,46,12,22,10,16,63,PM25,SEDANG
1/2/2025,DKI1 (Bunderan HI),38,30,12,21,11,18,38,PM25,BAIK
1/3/2025,DKI1 (Bunderan HI),57,43,14,23,11,24,57,PM25,SEDANG
1/4/2025,DKI1 (Bunderan HI),61,37,15,22,9,17,61,PM25,SEDANG
1/5/2025,DKI1 (Bunderan HI),56,26,10,20,8,11,56,PM25,SEDANG
1/6/2025,DKI1 (Bunderan HI),58,47,14,28,9,21,58,PM25,SEDANG
1/7/2025,DKI1 (Bunderan HI),46,33,13,24,7,19,46,PM25,BAIK
1/8/2025,DKI1 (Bunderan HI),46,30,12,24,7,19,46,PM25,BAIK
1/9/2025,DKI1 (Bunderan HI),26,20,9,23,7,19,26,PM25,BAIK
1/10/2025,DKI1 (Bunderan HI),58,39,,19,12,25,58,PM25,SEDANG
1/11/2025,DKI1 (Bunderan HI),56,41,,10,18,27,56,PM25,SEDANG
1/12/2025,DKI1 (Bunderan HI),58,45,19,13,13,25,58,PM25,SEDANG
1/13/2025,DKI1 (Bunderan HI),37,28,12,11,9,18,37,PM25,BAIK
1/14/2025,DKI1 (Bunderan HI),54,32,51,15,6,13,54,PM25,SEDANG
1/15/2025,DKI1 (Bunderan HI),51,34,62,15,8,23,62,SO2,SEDANG
1/16/2025,DKI1 (Bunderan HI),57,40,62,15,6,25,62,SO2,SEDANG
1/17/2025,DKI1 (Bunderan HI),55,33,,14,7,25,55,PM25,SEDANG
1/18/2025,DKI1 (Bunderan HI),34,24,29,11,10,21,34,PM25,BAIK
1/19/2025,DKI1 (Bunderan HI),50,29,34,12,10,20,50,PM25,BAIK
1/20/2025,DKI1 (Bunderan HI),39,25,30,10,11,22,39,PM25,BAIK
1/21/2025,DKI1 (Bunderan HI),52,32,23,19,7,31,52,PM25,SEDANG
1/22/2025,DKI1 (Bunderan HI),51,31,28,17,7,29,51,PM25,SEDANG
1/23/2025,DKI1 (Bunderan HI),59,38,26,16,11,33,59,PM25,SEDANG
1/24/2025,DKI1 (Bunderan HI),73,52,25,22,10,38,73,PM25,SEDANG
1/25/2025,DKI1 (Bunderan HI),55,39,24,19,8,24,55,PM25,SEDANG
1/26/2025,DKI1 (Bunderan HI),59,42,32,16,7,28,59,PM25,SEDANG
1/27/2025,DKI1 (Bunderan HI),50,35,26,10,7,19,50,PM25,BAIK
1/28/2025,DKI1 (Bunderan HI),36,31,23,9,6,17,36,PM25,BAIK
1/29/2025,DKI1 (Bunderan HI),32,25,19,10,8,25,32,PM25,BAIK
1/30/2025,DKI1 (Bunderan HI),30,25,18,9,17,21,30,PM25,BAIK
1/31/2025,DKI1 (Bunderan HI),51,37,21,12,16,31,51,PM25,SEDANG
2/1/2025,DKI1 (Bunderan HI),51,41,19,10,14,27,51,PM25,SEDANG
2/2/2025,DKI1 (Bunderan HI),47,41,18,9,15,20,47,PM25,BAIK
2/3/2025,DKI1 (Bunderan HI),45,38,19,9,16,24,45,PM25,BAIK
2/4/2025,DKI1 (Bunderan HI),73,54,26,17,11,40,73,PM25,SEDANG
2/5/2025,DKI1 (Bunderan HI),47,40,27,13,10,26,47,PM25,BAIK
2/6/2025,DKI1 (Bunderan HI),53,41,37,14,11,31,53,PM25,SEDANG
2/7/2025,DKI1 (Bunderan HI),50,35,30,13,11,29,50,PM25,BAIK
2/8/2025,DKI1 (Bunderan HI),48,33,31,12,10,34,48,PM25,BAIK
2/9/2025,DKI1 (Bunderan HI),52,38,33,12,11,25,52,PM25,SEDANG
2/10/2025,DKI1 (Bunderan HI),38,31,29,11,13,26,38,PM25,BAIK
2/11/2025,DKI1 (Bunderan HI),51,36,29,13,12,35,51,PM25,SEDANG
2/12/2025,DKI1 (Bunderan HI),74,54,37,16,16,43,74,PM25,SEDANG
2/13/2025,DKI1 (Bunderan HI),74,56,35,18,9,39,74,PM25,SEDANG
2/14/2025,DKI1 (Bunderan HI),68,44,35,13,9,30,68,PM25,SEDANG
2/15/2025,DKI1 (Bunderan HI),54,34,33,12,7,19,54,PM25,SEDANG
2/16/2025,DKI1 (Bunderan HI),67,42,36,18,10,26,67,PM25,SEDANG
2/17/2025,DKI1 (Bunderan HI),,44,33,16,6,,44,PM10,BAIK
2/18/2025,DKI1 (Bunderan HI),,48,,,,,48,PM10,BAIK
2/19/2025,DKI1 (Bunderan HI),73,53,32,28,6,26,73,PM25,SEDANG
2/20/2025,DKI1 (Bunderan HI),50,42,31,11,10,22,50,PM25,BAIK
2/21/2025,DKI1 (Bunderan HI),72,51,40,20,9,30,72,PM25,SEDANG
2/22/2025,DKI1 (Bunderan HI),63,50,33,22,9,31,63,PM25,SEDANG
2/23/2025,DKI1 (Bunderan HI),70,56,48,21,8,30,70,PM25,SEDANG
2/24/2025,DKI1 (Bunderan HI),55,42,28,15,14,28,55,PM25,SEDANG
2/25/2025,DKI1 (Bunderan HI),66,47,38,19,5,31,66,PM25,SEDANG
2/26/2025,DKI1 (Bunderan HI),57,45,30,17,7,30,57,PM25,SEDANG
2/27/2025,DKI1 (Bunderan HI),85,54,36,26,12,50,85,PM25,SEDANG
2/28/2025,DKI1 (Bunderan HI),57,44,33,13,10,23,57,PM25,SEDANG
